{
  "rag": {
    "Error Flags Accuracy": 0.76,
    "Error Sentence Detection Accuracy": 0.72,
    "ROUGE1": 0.5985508122690008,
    "ROUGE2": 0.4970864018962892,
    "ROUGEL": 0.5853535552096946,
    "BERTSCORE": 0.5801439630357843,
    "BLEURT": 0.2603465608860317,
    "BLEURT_Composite": 0.47893169313669204,
    "ROUGE1_Composite": 0.6074493086622202,
    "BERTSCORE_Composite": 0.6004547059535981,
    "AggregateComposite": 0.6039520073079092,
    "AggregateScore": 0.5893473876523925
  },
  "icl_dynamic": {
    "Error Flags Accuracy": 0.82,
    "Error Sentence Detection Accuracy": 0.76,
    "ROUGE1": 0.6531727429216104,
    "ROUGE2": 0.5780610490432884,
    "ROUGEL": 0.6494518126890523,
    "BERTSCORE": 0.6670071464776993,
    "BLEURT": 0.4299729257822037,
    "BLEURT_Composite": 0.5349864628911019,
    "ROUGE1_Composite": 0.6465863714608052,
    "BERTSCORE_Composite": 0.6535035732388497,
    "AggregateComposite": 0.6500449723498275,
    "AggregateScore": 0.6600899446996549
  },
  "multi_agent": {
    "Error Flags Accuracy": 0.8,
    "Error Sentence Detection Accuracy": 0.8,
    "ROUGE1": 0.7269834017263787,
    "ROUGE2": 0.653751052360258,
    "ROUGEL": 0.7219328966758736,
    "BERTSCORE": 0.7623730979182504,
    "BLEURT": 0.5202895443547856,
    "BLEURT_Composite": 0.5889273995161056,
    "ROUGE1_Composite": 0.6798726967596066,
    "BERTSCORE_Composite": 0.6954441630840301,
    "AggregateComposite": 0.6876584299218184,
    "AggregateScore": 0.7446782498223145
  },
  "combined": {
    "Error Flags Accuracy": 0.86,
    "Error Sentence Detection Accuracy": 0.84,
    "ROUGE1": 0.7172800163705221,
    "ROUGE2": 0.6388767136316661,
    "ROUGEL": 0.6991640743415365,
    "BERTSCORE": 0.7739225548246632,
    "BLEURT": 0.4545035605197367,
    "BLEURT_Composite": 0.6090716378390789,
    "ROUGE1_Composite": 0.7299488075304401,
    "BERTSCORE_Composite": 0.756004375219345,
    "AggregateComposite": 0.7429765913748926,
    "AggregateScore": 0.7456012855975926
  },
  "rag+icl": {
    "Error Flags Accuracy": 0.72,
    "Error Sentence Detection Accuracy": 0.7,
    "ROUGE1": 0.7287342141979558,
    "ROUGE2": 0.6689093275329702,
    "ROUGEL": 0.7084147403901099,
    "BERTSCORE": 0.75985840583841,
    "BLEURT": 0.5315458575884501,
    "BLEURT_Composite": 0.551356508731842,
    "ROUGE1_Composite": 0.622344317111264,
    "BERTSCORE_Composite": 0.6335490261018276,
    "AggregateComposite": 0.6279466716065458,
    "AggregateScore": 0.7442963100181829
  },
  "rag+ma": {
    "Error Flags Accuracy": 0.78,
    "Error Sentence Detection Accuracy": 0.78,
    "ROUGE1": 0.7734167744424844,
    "ROUGE2": 0.6807319264889928,
    "ROUGEL": 0.7684042431141634,
    "BERTSCORE": 0.7933275197681627,
    "BLEURT": 0.508087804050822,
    "BLEURT_Composite": 0.5930733655393123,
    "ROUGE1_Composite": 0.693898374288144,
    "BERTSCORE_Composite": 0.7014644575119019,
    "AggregateComposite": 0.697681415900023,
    "AggregateScore": 0.7833721471053235
  },
  "icl+ma": {
    "Error Flags Accuracy": 0.84,
    "Error Sentence Detection Accuracy": 0.82,
    "ROUGE1": 0.7176886625542174,
    "ROUGE2": 0.6354111891795821,
    "ROUGEL": 0.7139883850334031,
    "BERTSCORE": 0.7700437475805697,
    "BLEURT": 0.492531381547451,
    "BLEURT_Composite": 0.6065644355118275,
    "ROUGE1_Composite": 0.71013678477494,
    "BERTSCORE_Composite": 0.734220123887062,
    "AggregateComposite": 0.7221784543310011,
    "AggregateScore": 0.7438662050673935
  }
}