{
  "icl_dynamic": {
    "Error Flags Accuracy": 0.7001675041876047,
    "Error Sentence Detection Accuracy": 0.6884422110552764,
    "ROUGE1": 0.7137211121388822,
    "ROUGE2": 0.6270758420255393,
    "ROUGEL": 0.7095864367453469,
    "BERTSCORE": 0.7373732852643913,
    "BLEURT": 0.4563582900565924,
    "BLEURT_Composite": 0.5235067140217402,
    "ROUGE1_Composite": 0.6071388538608763,
    "BERTSCORE_Composite": 0.6148248196671556,
    "AggregateComposite": 0.610981836764016,
    "AggregateScore": 0.7255471987016368
  },
  "multi_agent": {
    "Error Flags Accuracy": 0.7135678391959799,
    "Error Sentence Detection Accuracy": 0.7001675041876047,
    "ROUGE1": 0.6855516704632975,
    "ROUGE2": 0.5976946839939842,
    "ROUGEL": 0.6815682247325996,
    "BERTSCORE": 0.7221141678184785,
    "BLEURT": 0.4032718430048433,
    "BLEURT_Composite": 0.4816734800286828,
    "ROUGE1_Composite": 0.5913701633961224,
    "BERTSCORE_Composite": 0.6055787050818878,
    "AggregateComposite": 0.598474434239005,
    "AggregateScore": 0.7038329191408879
  },
  "rag+icl": {
    "Error Flags Accuracy": 0.6817420435510888,
    "Error Sentence Detection Accuracy": 0.6666666666666666,
    "ROUGE1": 0.6864185861415569,
    "ROUGE2": 0.6041203851184535,
    "ROUGEL": 0.6803553855360887,
    "BERTSCORE": 0.7105145657424038,
    "BLEURT": 0.45036626937826707,
    "BLEURT_Composite": 0.5261505854688897,
    "ROUGE1_Composite": 0.592972765591161,
    "BERTSCORE_Composite": 0.5997939055451695,
    "AggregateComposite": 0.5963833355681654,
    "AggregateScore": 0.6984665759419804
  },
  "rag+ma": {
    "Error Flags Accuracy": 0.6834170854271356,
    "Error Sentence Detection Accuracy": 0.6633165829145728,
    "ROUGE1": 0.6873731253971603,
    "ROUGE2": 0.5918880222051494,
    "ROUGEL": 0.6826508651659604,
    "BERTSCORE": 0.7176877571604191,
    "BLEURT": 0.4337978580823311,
    "BLEURT_Composite": 0.49847668731332423,
    "ROUGE1_Composite": 0.5813027796523388,
    "BERTSCORE_Composite": 0.5912045437961168,
    "AggregateComposite": 0.5862536617242278,
    "AggregateScore": 0.7025304412787897
  },
  "icl+ma": {
    "Error Flags Accuracy": 0.7403685092127303,
    "Error Sentence Detection Accuracy": 0.7286432160804021,
    "ROUGE1": 0.6940095953180171,
    "ROUGE2": 0.6062146445066008,
    "ROUGEL": 0.6888251738275706,
    "BERTSCORE": 0.7314931016298942,
    "BLEURT": 0.4262669109739363,
    "BLEURT_Composite": 0.5250984724592324,
    "ROUGE1_Composite": 0.6255580391142979,
    "BERTSCORE_Composite": 0.6396222022865935,
    "AggregateComposite": 0.6325901207004456,
    "AggregateScore": 0.7127513484739556
  },
  "combined": {
    "Error Flags Accuracy": 0.6197654941373534,
    "Error Sentence Detection Accuracy": 0.6147403685092128,
    "ROUGE1": 0.7960912497546596,
    "ROUGE2": 0.7247587148566055,
    "ROUGEL": 0.7943196568615714,
    "BERTSCORE": 0.8072531505305076,
    "BLEURT": 0.5432939384585229,
    "BLEURT_Composite": 0.5379103038778257,
    "ROUGE1_Composite": 0.5832190347131467,
    "BERTSCORE_Composite": 0.5852195763932401,
    "AggregateComposite": 0.5842193055531933,
    "AggregateScore": 0.8016722001425836
  },
  "rag": {
    "Error Flags Accuracy": 0.6599664991624791,
    "Error Sentence Detection Accuracy": 0.592964824120603,
    "ROUGE1": 0.4913033720806266,
    "ROUGE2": 0.4102440260007117,
    "ROUGEL": 0.48371331096547865,
    "BERTSCORE": 0.4925029273555069,
    "BLEURT": 0.2484085954378306,
    "BLEURT_Composite": 0.4169897134330005,
    "ROUGE1_Composite": 0.49551348544650076,
    "BERTSCORE_Composite": 0.4959012813728858,
    "AggregateComposite": 0.4957073834096932,
    "AggregateScore": 0.4919031497180667
  },
  "baseline": {
    "Error Flags Accuracy": 0.6934673366834171,
    "Error Sentence Detection Accuracy": 0.628140703517588,
    "ROUGE1": 0.5167449252010587,
    "ROUGE2": 0.4306509282204634,
    "ROUGEL": 0.5100508679564605,
    "BERTSCORE": 0.5142234210231544,
    "BLEURT": 0.2543321627157706,
    "BLEURT_Composite": 0.3899542973868212,
    "ROUGE1_Composite": 0.4967655223180189,
    "BERTSCORE_Composite": 0.495739181421485,
    "AggregateComposite": 0.4962523518697519,
    "AggregateScore": 0.5154841731121066
  }
}